{"_contourLayout":{"contours":[],"center":{"x":-26.001365661621095,"y":0.0,"z":-27.558746337890626},"width":2048.0,"height":2048.0,"boundingBox":{"m_Center":{"x":2.7666940689086916,"y":0.0,"z":1.265610694885254},"m_Extent":{"x":28.824356079101564,"y":0.0,"z":28.824356079101564}}},"_waypointGraph":{"graph":{"waypoints":[]}},"_rootAnchor":{"worldPosition":{"x":18.677576065063478,"y":1.324988603591919,"z":15.314127922058106},"worldRotation":{"x":0.0,"y":-0.7071068286895752,"z":0.0,"w":0.7071068286895752}},"references":{"version":2,"RefIds":[]}}